first_name,last_name,sex,email,passwordhash,profile_picture_path,birthday
George,Tang,gtang.gt@gmail.com,M,,,1996-07-11,
Aiden,Jacks,M,ajacks.aj@outlook.com,,,1996-05-23,
Evelyn,Patel,F,epatel.ep@outlook.com,,,1998-11-16,
Lila,Hall,F,lhall.lh@google.com,,,2000-02-13,
Kai,Yang,M,kyang.ka@outlook.com,,,1995-08-20,
Aria,Sanchez,F,arias@outlook.com,,,1994-10-18,
Jaxon,Nguyen,M,jnguyen.jn@outlook.com,,,1997-03-30,
Luna,White,F,lwhite.lw@google.com,,,1993-09-07,
Ethan,Hernandez,M,ehernandez.eh@outlook.com,,,1992-01-03,
Zarek,McKenna,M,zmckenna.zm@outlook.com,,,1996-05-23,
Caspian,Quasar,M,cquasar.cq@outlook.com,,,1995-08-20,
Zephyr,Ryder,M,zryder.zr@outlook.com,,,1962-03-14,
Emiliana,Fuentes,F,efuentes.ef@google.com,,,2010-09-17,
Kestrel,Sidwell,M,ksidwell.ks@outlook.com,,,1981-02-19,
Astrid,Killian,F,akillian.ak@outlook.com,,,1979-04-22,
Balthazar,McGrath,M,bmcgrath.bm@outlook.com,,,1955-08-31,
Xanthe,Levi,F,xlevi-xl@outlook.com,,,2002-07-10,
Kolossal,Valentine,M,kvalentine.kv@outlook.com,,,1992-01-08,
Luminia,Fisher,F,lfisher.lf@outlook.com,,,1988-03-25,
Tyler,Jones,M,tjones.tj@outlook.com,,,1995-07-12,
Emily,Brown,F,ebrownxEB@google.com,,,1992-03-14,
Logan,Martin,M,lmartin.LM@outlook.com,,,1998-09-20,
Hailey,Walker,F,hwalkerHW@outlook.com,,,2000-05-10,
Mason,Davis,M,mdavis.MD@outlook.com,,,1996-02-14,
Abigail,White,F,awhite.AW@outlook.com,,,1994-08-22,
Ethan,Harrison,M,eharrison.EH@outlook.com,,,1995-11-06,
Samantha,Smith,F,ssmith.SS@outlook.com,,,1998-04-18,
Austin,Morris,M,amorris.AM@outlook.com,,,1997-01-10,
Avery,Clark,F,aclark.AC@outlook.com,,,1999-06-17,
Natalie,Johnson,F,njohnson.NJ@outlook.com,,,1995-12-15,
Ethan,Hall,M,ethall.EH@outlook.com,,,1992-08-20,
Sofia,Martinez,F,smartinez.SM@outlook.com,,,1997-03-23,
Julian,Harrison,M,jharrison.JH@outlook.com,,,1994-09-29,
Lily,White,F,lwhite.LW@outlook.com,,,2002-01-05,
Caleb,Thomas,M.cthomas.CT@outlook.com,,,1996-05-18,
Madison,Walker,F,mwalker.MW@outlook.com,,,1998-02-11,
Matthew,Smith,M,msmith.MS@outlook.com,,,1995-11-02,
Rebecca,Brown,F,rxbrown.RB@outlook.com,,,1999-08-15,
Emily,Johnson,F,ejohnson.EJ@outlook.com,,,1992-06-20,
Lauren,Harrison,F,lharrison.LH@outlook.com,,,1994-04-27,
Steven,Hall,M,shall.SH@outlook.com,,,1995-03-17,
Amanda,Miller,F,amiller.AM@outlook.com,,,1997-10-19,
Jackson,Bishop,M,jbishop.JB@outlook.com,,,1992-03-29,
Ashley,Johnson,F,aJohnson.AJ@outlook.com,,,1996-02-01,
Gabriel,Miller,M,gmiller.GM@outlook.com,,,1994-10-25,
Olivia,Lewis,F.oliveinewton.ole@outlook.com,,,2001-05-14,
Landon,Montgomery,M,lmontgomery.LM@outlook.com,,,1995-08-15,
Hannah,Williams,F,hwilliams.HW@outlook.com,,,1998-11-02,
Elijah,Green,M,egreen.EG@outlook.com,,,1999-07-19,
Mackenzie,Walker,F,mwalker.MW@outlook.com,,,2000-03-27,
Ryan,Thomas,M,rtthomas.RT@outlook.com,,,1996-01-17,
Kayla,Brown,F,kbrown.KB@outlook.com,,,1997-09-12,
Cameron,Miller,M,cmmiller.CMM@outlook.com,,,1994-04-22,